{
	"id": "Nightguard",
	"name": "The Nightguard",
	"description": "HELP WANTED: local group pizzeria looking for security guard to work the night shift. 12 am to 6 am.<LINE>Monitor cameras, ensure safety of equipment and animatronic slugcats. Not responsible for injury/dismemberment.<LINE>$120 a week. To apply call: 1-555-5-PEBBLES",
	"features": {
		"color": "17234f",
		"custom_colors": [
			{
				"name": "Body",
				"story": "ffd1c2"
			},
			{
				"name": "Eyes",
				"story": "010101"
			}
		],
		"start_room": "SS_FCAP",
		"use_default_dreams": false,
		"cycle_length_min": 6,
		"cycle_length_max": 6,
		"karma": 0,
		"karma_cap": 6,
		"food_min": 0,
		"food_max": 1,
		"world_state": [ "Inv", "Red" ],
		"expedition_enabled": false,

		"select_menu_scene": "Slugcat_Nightguard"
	}
}